Participant,Block,Trial,Self-Rotation,TargetType,Baseline,BeginTime,EndTime,TargetPos,SelectedPos,ControllerPos
P0,0,0,virtualStatic,virtualTarget,True,10.001350,11.723390,(-0.654423, 0.050000, 1.349715),(-0.590722, 0.000000, 1.421382),(-0.037065, 0.749758, 0.169003)
P0,0,0,virtualStatic,virtualTarget,False,16.737320,19.070380,(-0.654423, 0.050000, 1.349715),(-0.644681, 0.000000, 1.387361),(-0.021916, 0.750558, 0.171260)
P0,0,1,physicalRotate,physicalTarget,True,10.005360,11.311190,(0.000000, 0.050000, 1.500000),(0.039682, 0.000000, 1.534432),(0.041331, 0.687096, 0.210977)
P0,0,1,physicalRotate,physicalTarget,False,16.324710,18.880200,(0.000000, 0.050000, 1.500000),(-0.254412, 0.000000, 1.514743),(-0.020648, 0.718719, 0.230078)
P0,0,2,physicalStatic,physicalTarget,True,10.004010,10.918920,(0.000000, 0.050000, 1.500000),(0.053346, 0.000000, 1.400441),(0.052946, 0.659234, 0.202947)
P0,0,2,physicalStatic,physicalTarget,False,15.920640,16.740310,(0.000000, 0.050000, 1.500000),(0.027890, 0.000000, 1.394302),(0.052376, 0.657992, 0.203812)
P0,0,3,virtualRotate,virtualTarget,True,10.006160,11.672620,(0.614505, 0.050000, 1.368351),(0.628622, 0.000000, 1.350999),(0.101228, 0.659875, 0.215155)
P0,0,3,virtualRotate,virtualTarget,False,17.507300,20.699780,(0.614505, 0.050000, 1.368351),(0.515225, 0.000000, 1.395851),(0.155611, 0.715631, 0.120598)
